<?xml version="1.0" encoding="utf-8"?>
<extension version="3.0" type="module" client="site" method="upgrade">
  <name>Kandanda Birthdays</name>
  <creationDate>13-Mar-2021</creationDate>
  <author>Heinl Christian</author>
  <authorEmail>heinchrs@gmail.com</authorEmail>
  <authorUrl/>
  <copyright>Heinl Christian, 2020</copyright>
  <license>GNU / GPL V3</license>
  <version>1.0.0</version>
   <description>Kandanda Geburtagsmodul</description>
	<files folder="site">
		<folder>tmpl</folder>
		<filename>index.html</filename>
		<filename module="mod_kandanda_birthdays">mod_kandanda_birthdays.php</filename>
		<filename module="mod_kandanda_birthdays">helper.php</filename>
	</files>
    <media destination="mod_kandanda_birthdays" folder="media">
        <folder>css</folder>
		<filename>index.html</filename>
    </media>
	<languages folder="site/language">
		<language tag="de-DE">de-DE/de-DE.mod_kandanda_birthdays.ini</language>
		<language tag="de-DE">de-DE/de-DE.mod_kandanda_birthdays.sys.ini</language>
	</languages>
    <config>
		<fields name="params">
			<fieldset name="basic">
				<field name="anzahl_geburtstage" type="text" size="5" default="5" label="Anzahl Geburtstage" description="Wie viele Geburtstage sollen angezeigt werden?"></field>
				<field name="nur_geburtstage_von_monat" type="radio" label="Nur aktueller Monat" description="Sollen nur die Geburtstage vom aktuellen Monat angezeigt werden?" default="0">
					<option value="0">nein</option>
					<option value="1">ja</option>
				</field>
				<field name="anzahl_tage_in_zukunft" type="text" size="5" default="30" label="Geb. der nächsten x Tage" description="Innerhalb dieses Zeitraumes (in Tagen) werden Geburtstage angezeigt"></field>
				<field name="load_css" type="radio" label="Lade StyleSheet" description="Soll die standard CSS-Datei geladen werden? Wenn die CSS Klassen anderswo definiert wurden, kann man das Einbinden der originalen SytelSheet Datei hier ausschalten." default="1">
					<option value="0">nein</option>
					<option value="1">ja</option>
				</field>
                <field name="@spacer" type="spacer" default="" label="" description="" />
                <field name="moduleclass_sfx" type="text" label="COM_MODULES_FIELD_MODULECLASS_SFX_LABEL" description="COM_MODULES_FIELD_MODULECLASS_SFX_DESC" />
			</fieldset>
			<fieldset name="advanced">
				<field name="debug" type="radio" label="Debug Mode" description="Wenn der Debug Modus eingeschaltet ist, wird eine debug.txt Datei erstellt. Diese kann dann an den Entwickler gesendet werden um Fehler zu finden. Solange nicht ausdrücklich vom Entwickler aufgefordert bitte ausgeschaltet lassen" default="0">
					<option value="0">nein</option>
					<option value="1">ja</option>
				</field>
			</fieldset>
		</fields>
	</config>
	<updateservers>
		<server type="extension" name="Kandanda Birthday" priority="1">https://raw.githack.com/heinchrs/mod_kandanda_birthdays/main/.release/mod_kandanda_birthdays_update.xml</server>
		<!-- Normally the following path should be used
		https://raw.githubusercontent.com/heinchrs/mod_kandanda_birthdays/main/.release/mod_kandanda_birthdays_update.xml
		Since github serves the files as plain text files the content isn't recognized as XML file.
		Therefore the service raw.githack.com is used
		-->
	</updateservers>
	<updateservers>
		<server type="extension" priority="1" name="Update Site">http://www.studilife.eu/extensions/mod_kandanda_birthdays/mod_kandanda_birthdays.xml</server>
	</updateservers>
</extension>